bitstring,energy,prob
01110001010011100100,15.411516345155537,9.765625e-05
01111000110110101110,18.03212527894667,9.765625e-05
01111001110101000100,11.459541629344711,9.765625e-05
01111101010011010011,14.90614215270979,9.765625e-05
11111101011011011001,19.72401779933594,9.765625e-05
11110100100010001100,18.211588211913167,9.765625e-05
11110001111001000100,7.573996984999084,9.765625e-05
01110101010011110001,19.970118065497942,9.765625e-05
01111000010000111000,15.767341237714545,9.765625e-05
01111001010011010010,14.002376278147121,9.765625e-05
11111101111001001111,16.034994167109865,0.0001953125
11110000110010000110,10.951806911718089,9.765625e-05
01110100110110110001,13.896422704748222,9.765625e-05
01111101011001111001,17.069586175457133,9.765625e-05
11111100110000011011,11.26874778799932,9.765625e-05
11110000100110110001,14.800183061298789,9.765625e-05
11110000110110010010,12.192344366755066,9.765625e-05
11111101111011001101,17.369863871862602,9.765625e-05
01111000011110000110,11.09897278992057,9.765625e-05
01111100111010010011,7.450801149730461,9.765625e-05
01110000011110110000,18.203137140551018,9.765625e-05
11110100110000101101,10.046708477404977,0.0001953125
11110100111010010011,11.521297102081295,9.765625e-05
11110000111110010010,14.077882769507342,0.0001953125
11111000111010001100,13.676310981509738,9.765625e-05
11110000010010000110,12.814534440036065,9.765625e-05
11110101110011111011,19.976567113417914,9.765625e-05
01111100011010010011,6.517648660704362,9.765625e-05
11110100110010101111,15.890676885481398,9.765625e-05
01111100001110001100,15.046708477404977,9.765625e-05
01111001011011111010,17.11304745073249,9.765625e-05
01111000011010010010,9.673484026878382,9.765625e-05
01111100010110111011,10.409768321497872,9.765625e-05
01110100010100100111,11.885181534428268,9.765625e-05
01111100011110010011,4.409768321497872,0.0001953125
11111001111011100100,12.08137130273089,9.765625e-05
11111000010100110010,18.1706186648878,9.765625e-05
01111100011000000101,8.980885654940629,9.765625e-05
01111100010000000101,11.955193496283627,9.765625e-05
01110100010100011011,9.768490251245822,9.765625e-05
01111001000101011011,21.10086778759475,9.765625e-05
11111001000011100101,23.33350417351649,9.765625e-05
11110101011001000101,14.641172306186132,9.765625e-05
01110001010101110010,15.377437130764687,9.765625e-05
11110100110000111001,7.677328694004876,9.765625e-05
01111001110101111000,17.673484026878377,9.765625e-05
11110100111010111011,16.383953638756562,9.765625e-05
01111000111000101100,14.772001884414333,9.765625e-05
01111100011000111001,10.614316164120515,9.765625e-05
01111000000000100111,16.182795618003,9.765625e-05
01111100010110101111,12.643673720473084,9.765625e-05
01111101011001010001,13.066775882877145,0.0001953125
11111101110101011011,14.282163678208615,9.765625e-05
00001001001111110100,30.29847461957521,9.765625e-05
11111101110111011001,15.196211508212293,9.765625e-05
01110000111100011010,19.099878398789414,9.765625e-05
01111101010111000111,11.88314473856289,9.765625e-05
01110101011111001101,19.002218160091346,9.765625e-05
11111101110101001111,14.70102038518904,9.765625e-05
01111001011111101110,15.389513739859051,9.765625e-05
11110000110100111000,10.233914361430921,9.765625e-05
11110101010001111001,16.08684121478082,9.765625e-05
01111001111101110010,13.093043337307368,0.00048828125
11110001011101101100,11.883173796673749,9.765625e-05
01111000110010010010,11.141919987901254,9.765625e-05
11110000111010101110,17.70000185114563,9.765625e-05
11110001111111000110,13.349267527981809,9.765625e-05
11110100010100000101,8.311082229806868,9.765625e-05
01110000010110100100,16.096172183377533,9.765625e-05
01110100110000001111,15.939325346301729,9.765625e-05
11111001010011100100,17.881034768722905,0.0001953125
11111100011110110001,8.791487665392726,0.0001953125
11110100010110101111,14.112109681495955,9.765625e-05
01111001110111111010,19.0690818058356,9.765625e-05
11110001111011000110,13.417965393075505,9.765625e-05
11110101011111101111,18.883073746920175,9.765625e-05
11110000111000111000,10.65473623617997,9.765625e-05
11110101111011111011,22.839223650093174,9.765625e-05
01110001011001100110,15.366706309868352,0.0001953125
11110000111000101100,10.814949082395021,9.765625e-05
01110101011111011001,18.583361453110918,0.0001953125
11110100110100111001,5.569448354798383,9.765625e-05
01111001010111000110,12.278842567273685,0.0001953125
11111001011111001100,17.096718213899827,9.765625e-05
11111100010000100111,15.983412780861862,0.0001953125
11111101010001011011,22.63250281821459,9.765625e-05
01110101010101011011,14.889786480661606,0.0001953125
11111100010110100101,14.110391537497417,9.765625e-05
11111000111110100100,12.766027140952884,9.765625e-05
11110000111100111000,12.055486537431996,9.765625e-05
11111101011001100111,17.11781375232516,9.765625e-05
11110000110000101100,8.993376906393944,9.765625e-05
11110000011110111010,18.007386817156508,9.765625e-05
11110100011010101111,17.820180933130562,9.765625e-05
11110100011110111011,13.342920810523971,9.765625e-05
01110101111011100101,26.543547574332333,0.0001953125
11111101110011100101,16.881362578936045,9.765625e-05
11110101111011000111,18.530898204823227,9.765625e-05
01110101010111110001,16.528263944370618,0.0001953125
11110000011000101100,11.371251583162307,9.765625e-05
11110000110100000100,7.414198781142993,9.765625e-05
11110000011100101100,12.636527499989445,9.765625e-05
11110000110010010010,10.79159406550304,9.765625e-05
01111001010001111000,18.163010008314476,9.765625e-05
11111101010101110011,16.627448887671044,0.0001953125
01111100111010000111,9.820180933130562,9.765625e-05
11111000111010110000,11.340538377910697,9.765625e-05
11010110010110110001,9.763881136987631,9.765625e-05
01111001010011000110,12.347540432367381,0.0001953125
11111001111101001110,12.853363490268448,9.765625e-05
01111001011011101110,15.458211604952751,9.765625e-05
01110101110111011001,18.882767382349435,0.0001953125
11111100110110110001,7.763881136987629,0.0001953125
11110101010011010011,17.953756238983615,9.765625e-05
01111000111110101110,18.473959940872884,9.765625e-05
11110100110100010001,2.7249943127202956,9.765625e-05
01111000011100101100,15.195640293336721,9.765625e-05
11111100111000110011,6.791487665392726,9.765625e-05
01111101011101010001,9.624921761749818,9.765625e-05
11110001111011111010,19.935457775530512,9.765625e-05
11111000011100110010,14.664798317009271,9.765625e-05
11111101010111001101,19.92149324274341,0.0001953125
11110001111101010000,9.295609350110015,9.765625e-05
01111001011111111010,17.17982397006368,0.0001953125
11110100110110000111,9.76178375909774,0.0001953125
11111101110111001101,15.615068215192721,9.765625e-05
01110101111111001101,22.695793132540658,0.0001953125
01111100000000110010,14.931041148311014,9.765625e-05
01111000011110010010,11.074234328130409,0.0001953125
11111001011011011000,18.820251924773267,0.0001953125
11111101010011001101,23.498821748295626,9.765625e-05
01111101111111100101,12.90231061606386,0.00048828125
01110100110100110011,11.53867113391848,9.765625e-05
01110101010101110011,14.77257236486884,0.0001953125
11110101011011001101,18.885971693194247,0.00048828125
11110101101001110010,24.288861207900986,9.765625e-05
01110001111001110010,20.306877162785554,9.765625e-05
11110101011111111011,18.46421703993975,9.765625e-05
01111000010010111010,15.67348402687838,0.0001953125
01111001011101010000,12.229786527645667,0.000390625
11111000010010000110,18.23170787340818,9.765625e-05
11111100011110011001,11.160867448792825,9.765625e-05
11110100111100010001,3.569448354798383,0.0001953125
01111100011100010001,4.503625532334035,0.0001953125
11111101110011001101,19.192396720744927,9.765625e-05
11111101010101011011,19.190648697087255,0.00029296875
01110000011010110000,16.802386839298993,9.765625e-05
01111101110001001111,17.369863871862606,0.0009765625
11111000010110100100,18.5656906069449,9.765625e-05
01111001111001101100,15.352621963019477,9.765625e-05
11111000011110110000,15.455953672025263,0.0001953125
11110100010000101101,12.000950986844302,9.765625e-05
11111000111100111000,13.170901831546558,9.765625e-05
01110101011001011011,19.90704776157864,9.765625e-05
01111001110101010000,13.24985185954934,9.765625e-05
11110101100001110010,22.577979663686392,9.765625e-05
11111101010011100101,20.993967580470624,0.0001953125
01110100110010100101,18.373682827354816,0.0001953125
11111000010000110010,16.769868363635776,0.00029296875
01110001011011110000,19.198055609898923,9.765625e-05
01111101000111100100,20.19633475587785,9.765625e-05
01110001111101011010,20.161573387468508,0.0001953125
01110100110000100111,16.015931256525075,9.765625e-05
01111100101110110000,11.685759571744839,9.765625e-05
01110001111011011000,22.815024672124885,9.765625e-05
11111001110101011010,16.88702844410446,0.0001953125
01110000110100001110,16.151269692117832,9.765625e-05
01110100111010011001,19.263520535350935,0.0001953125
11111100011110100101,11.025393064367938,0.0001953125
11110001110011000110,11.532426990323227,9.765625e-05
01110100111010100101,21.9033262549905,0.000390625
11111001110101110010,14.517648660704356,9.765625e-05
11111001010011001100,20.385888936547904,0.0001953125
01111001110001100110,12.08137130273089,0.00068359375
11110101111011101111,23.393554741498487,0.0001953125
01111000010110111010,17.07423432813041,0.00029296875
11110000011000000100,8.94761941583327,9.765625e-05
11110100111110000111,11.647322161850017,0.00029296875
01110101110001110011,20.10182148446159,9.765625e-05
11110100011000100111,12.554082795136782,0.00087890625
01111100010010101111,14.887028444104459,9.765625e-05
01111001111111010010,13.069081805835602,9.765625e-05
11110000010010001100,12.594129776974665,0.0009765625
01111000110000110010,11.3405383779107,0.00068359375
01111000010110010010,13.007457808799218,9.765625e-05
11110001110001000100,6.729542942920997,9.765625e-05
01110000011100100110,16.051362148090348,0.0001953125
01111100110110111011,11.342920810523971,9.765625e-05
11110101111001101101,16.508501972747883,9.765625e-05
01111101111011100101,16.47963912161607,0.00068359375
01111100110000111001,12.055203370773237,0.0001953125
11110000011100100110,12.766027140952886,0.00048828125
11110100110100101101,7.803353753773596,9.765625e-05
11111001010011110000,19.535870614502645,9.765625e-05
01110000110000001110,14.885993775290695,9.765625e-05
01110000011010100100,16.962599685514043,9.765625e-05
01110001010001100110,13.655824765653758,9.765625e-05
01110100110100100111,13.772576532893693,9.765625e-05
11111001011111100100,14.72733843049973,0.0001953125
11110101110101111001,10.690744584214166,0.00048828125
11110000110000111000,8.833164060178895,0.00029296875
11111100010010110001,13.984366477728695,0.0001953125
11111100011000011011,12.535938074574553,0.000390625
01110001010101001110,13.704341016352824,9.765625e-05
01111000010100011010,15.825333455425366,0.002734375
01111000011110011000,14.916848436546717,0.0033203125
01110000011000001110,14.76782596263109,9.765625e-05
01111000000100001111,18.729642552520772,9.765625e-05
11110001011001001110,12.25693106011488,0.00087890625
01111100010000001111,13.638127571399423,0.00244140625
01110000111000110010,17.911208392185625,9.765625e-05
01111001110111011000,17.494651246557453,0.00126953125
01111100010100011011,9.160867448792828,0.001953125
11110101010111100101,14.457665661557655,0.001171875
01111000011000011010,12.18122843054196,0.00234375
01111000111100110010,12.031348348628274,0.00078125
01110100110100001111,13.695970622670348,9.765625e-05
01111001111011110000,15.021542155648092,0.00146484375
01111100111000001111,11.88422783756143,0.0009765625
01111101010011011001,18.63806562933962,0.00361328125
11110100111100100111,9.596063078642866,0.003125
11110000111100101100,12.080224999222157,9.765625e-05
01111001111111110000,15.088318674979284,0.001171875
11110100110000011011,7.876370590452314,0.00244140625
01111000011000110010,9.947323031566748,0.00205078125
01110101010111011001,16.58713241857216,9.765625e-05
01111101110011000111,14.995685724469165,9.765625e-05
01111001011001001110,12.92206135536215,0.00263671875
11111001011001110010,15.659716786357176,9.765625e-05
11110100111110011001,9.462065223695134,0.00224609375
01111001011001101100,14.510984455114723,9.765625e-05
01111101010101011011,14.282163678208612,0.003125
01111001010011001100,16.079463908997212,0.002734375
11110100110010100101,11.88422783756143,0.00234375
01111001111011011000,17.00328188701597,0.00078125
01111000011000100110,10.1075358777818,0.00263671875
01110101010111100101,16.947120651351042,9.765625e-05
11110101110111001101,13.00598912555259,0.00244140625
01111100011010011001,10.36026276912067,0.003515625
11110101110011011001,16.02898653969949,0.00283203125
11110001111111110000,15.264832129230113,0.00244140625
11111000010000011010,19.33306817305199,0.00029296875
01110100011110110001,13.53867113391848,9.765625e-05
01111001011011011000,15.91176690589462,0.001953125
11110000010000001110,11.49884383039207,0.0009765625
01111001010001110010,14.450872141373168,0.001953125
01111001110011011000,17.427874727226264,0.00087890625
11111100011100110011,8.000332310376734,0.000390625
01111100110000011011,10.36026276912067,0.0009765625
11110001111001011010,13.00328188701597,0.003125
01111001010011011000,17.734299754776952,0.00283203125
11110100110110110001,7.406967714954836,0.00166015625
11111000010100001110,20.758556936094173,9.765625e-05
01111000010110011000,16.739381285429047,0.00224609375
11110100011100011011,8.252382429914178,0.00126953125
01111101011111001101,13.792535366310387,0.00283203125
01111101010111010011,11.464288031582463,9.765625e-05
01111000010100100110,13.480692133815424,0.0025390625
01111000011000101100,13.930364376509585,9.765625e-05
01111101110011011001,18.331640601788934,0.00146484375
01111001110001010000,13.18307534021815,9.765625e-05
01111101111001011011,15.970118065497942,0.0015625
11110000011010110000,12.914991840833567,0.00146484375
11110000010110001100,13.8594056938018,0.0015625
11110100110010110001,9.514848054161327,0.0033203125
11111001111111100100,12.01267343763719,9.765625e-05
01111000011110100100,12.766027140952888,0.0029296875
11110100011100001111,10.486287828889392,0.00087890625
01111101011011000111,13.527249763446289,9.765625e-05
01111101111101011011,12.528263944370618,0.001171875
01111000110100010000,12.188156870870245,9.765625e-05
11110101111101101101,12.931173467195668,9.765625e-05
01110001011111110000,19.26483212923011,9.765625e-05
01110001110111001100,17.697321918040657,9.765625e-05
11110100010110011001,9.170201225379103,0.000390625
11110101110001011011,14.331640601788934,0.00146484375
01111001111011001100,15.34844604123623,0.0015625
01111100011000001111,11.394772847768042,0.00283203125
01111100011010110001,8.184703011736682,0.0025390625
11110000011110001100,14.45769471966852,0.00068359375
11110101010001011011,16.63806562933962,0.0013671875
11110001111011100100,13.543219764119183,0.00263671875
11110000011110100100,14.340480603875754,0.00048828125
11110101111011011001,18.025215574238246,0.002734375
01111001010111011000,17.80107627410814,0.00234375
01111001110111110000,15.377437130764687,0.001171875
11111000010000001110,19.493281019267037,9.765625e-05
01111100010110110001,7.763881136987631,0.0021484375
11110001111001110010,13.021542155648092,0.00205078125
01111101011111110001,11.198118901945975,0.00302734375
11110000111010100100,12.962599685514043,0.00224609375
01111101111111001101,14.884050347431737,0.00078125
01111101010101001111,14.70102038518904,0.00234375
11110101110001100111,14.768757577401473,0.00244140625
11110000110100011010,10.43295625787836,0.0015625
01111000111000001110,12.830896266550397,0.00146484375
11110100011010100101,14.12853625805965,0.00107421875
11110100010110110001,8.917512725161448,0.00166015625
01111001011101110010,12.409768321497868,0.00244140625
01110001011101100110,15.298008444774654,9.765625e-05
01111100110110110001,7.651276135453056,0.00107421875
11110100010010100101,13.394772847768042,0.0009765625
01111001111001110010,13.026266817976179,0.00078125
01111100110100000101,7.757596263212923,9.765625e-05
11110101110101001111,11.308643187642032,0.00439453125
01110100111100100111,16.881398085780326,9.765625e-05
01111101010001110011,15.354638015935834,0.0029296875
11110001011111010010,15.604365277832374,9.765625e-05
01111001010101011010,16.88702844410446,0.0025390625
11110100110100001111,8.002395650221036,0.00234375
01111100111110001101,11.577802810010741,0.00107421875
11110000010000011010,11.338630984177021,0.001171875
11111000011000100110,13.424260861972297,9.765625e-05
11110001011111111010,19.0690818058356,0.0001953125
11110000010100100110,12.453085605410328,0.001171875
11111101011111011001,16.282163678208608,0.0001953125
11111000111010101110,12.877591526347608,9.765625e-05
01111001110101011010,15.978543425225809,0.0015625
01110001110001110010,17.198055609898923,0.0001953125
11110001010011001100,13.174749855579805,0.0015625
01111000011010001100,13.67631098150974,0.00283203125
01110001111011110000,23.085450608364347,9.765625e-05
11110000111110110000,14.203137140551018,0.0025390625
11110000110110110000,12.071433721587372,0.00302734375
11110101010001001111,17.192396720744927,0.0013671875
01110100110110011001,13.761471152933654,9.765625e-05
01110101011001001111,20.461378852983955,0.0001953125
01111101011111100101,11.616975608926401,0.00302734375
11110100111110100101,11.772576532893694,0.0029296875
11110000010010100100,12.34144127675701,0.00146484375
01110000111010011000,20.41935590152496,0.00029296875
01111001010001101100,16.508174162534736,0.0001953125
11110001111001100110,11.366706309868352,0.00263671875
11110000010000100110,11.187809688583192,0.0013671875
11111001110011011000,17.73429975477695,9.765625e-05
01111001010101100110,12.72733843049973,0.00185546875
11110100111000001111,11.821157533642122,0.00244140625
01110000110010011000,17.025186858314164,0.0001953125
01110101110001100111,20.656152575866905,0.00029296875
01111101011011110001,14.639973023073303,0.00244140625
11111001111111011000,15.978543425225809,9.765625e-05
01111101010001011011,17.72401779933594,0.0029296875
01111000110000001110,13.67631098150974,0.00146484375
11110101101011011000,26.388768751928467,9.765625e-05
01111101110001100111,15.194304114478612,0.00087890625
01111101011111101111,14.993815911148262,0.000390625
01111100010000010001,9.585813712883525,9.765625e-05
01111100110000100111,10.554082795136782,0.001171875
11110000111100011010,12.008363417668065,0.002734375
11110000111110101110,18.96527776797277,0.0001953125
01111001111011100100,13.366706309868352,0.0013671875
01110001111011100100,21.430614762584607,0.0001953125
11110100011110001101,12.002395650221038,0.000390625
11110001011111110000,15.377437130764687,0.0015625
01111101010001000101,16.59541481562546,0.0001953125
01111100111100110011,5.366882341995737,0.00146484375
11110000010110110000,13.581978731793985,0.001171875
01111000110010110000,12.914991840833567,0.0009765625
01111100111110011001,9.343897411035528,0.00107421875
11110000110000110010,8.914991840833567,0.00224609375
01111001110101001110,14.18823319502118,0.0009765625
01111001010101110010,14.517648660704356,0.00234375
11111100110100100111,9.02539306436794,9.765625e-05
11110100110110101111,13.647322161850017,9.765625e-05
11110101111101011011,12.46519364045131,0.00234375
11110001110001011010,11.427874727226264,0.003515625
11110001110001110010,11.310660611433498,0.00234375
11110000010000111000,10.787406569618218,0.0001953125
11110100011010110001,11.759156474659548,0.00126953125
01111101010011101111,19.52724976344629,0.0001953125
01110101110001010001,13.93596214515204,9.765625e-05
11110101110111011001,12.587132418572164,0.00166015625
11110001011101100110,12.012673437637192,0.0013671875
01111001110001001110,14.25693106011488,0.0009765625
11111000010110110000,18.54095214515474,9.765625e-05
11110100110000100111,10.12853625805965,0.00322265625
11110001111101110010,13.088318674979284,0.003125
11111100110010100101,12.241141259594222,9.765625e-05
11110100111010100101,14.015931256525075,0.00302734375
01111100011110011001,8.25238242991418,0.00283203125
01111101010101110011,11.91278389480851,0.00234375
11110101111111011001,14.583361453110918,0.00263671875
01111001100011110001,20.612308720633255,9.765625e-05
01111001010001001110,15.16541607899353,0.00302734375
11110100010010001101,13.6474613479857,0.00107421875
11110001111111100100,13.474521899025484,0.00224609375
11111100011010110001,10.899368004599218,0.0001953125
11111000011010110000,14.055203370773238,0.00029296875
11110001010011011000,14.829585701359544,0.00068359375
11111001011111110000,16.51764866070436,9.765625e-05
01111001110111100100,13.58712690056006,0.00107421875
01111000011100100110,11.372811794608936,0.003125
11110000111010001100,12.885993775290695,0.00322265625
11111100010100100111,13.740058057230478,0.0001953125
11110000110000011010,9.032205956626333,0.0029296875
01110000111110100100,22.115270600806603,9.765625e-05
01111000011010100100,11.500751224125752,0.0025390625
11110101010111110001,14.038808954577231,0.0005859375
11111001010101110010,19.232313653566894,0.0001953125
11110100011110110001,9.651276135453056,0.00087890625
11110101110011100101,16.524449156903255,0.00302734375
11110000110110101110,16.102621231297505,9.765625e-05
11110001110111011000,13.19199718446801,0.0025390625
01110101111101110011,19.768788916220895,0.0001953125
11110101110111100101,12.947120651351044,0.00283203125
11110000111000001110,10.76782596263109,0.00361328125
01111100010010110001,9.87176147619412,0.00234375
01111100011000110011,6.791487665392729,0.00224609375
01111101111011011001,17.90704776157864,0.00126953125
01111100010100101101,12.73753093130925,9.765625e-05
01111101010001100111,15.90896910734115,0.00224609375
11110100110000110011,7.759156474659548,0.002734375
11110100110100011011,5.768490251245822,0.002734375
01111101010001001111,18.278348890741253,0.00146484375
11110000011110011000,14.43295625787836,0.001171875
01111000110010001100,15.192418802841383,0.00087890625
01111001011011001100,14.25693106011488,0.00263671875
11110101111011001101,18.57954666564356,0.00322265625
11110000111110001100,14.151269692117832,0.0021484375
11110000111010111010,17.539789004930583,9.765625e-05
01110001010111001100,15.401686954263381,9.765625e-05
11110001011001110010,13.73620714851063,0.00126953125
11110101011001010001,14.086841214780819,9.765625e-05
01111100011010100101,10.554082795136786,0.0021484375
01111001011001011010,14.57689720114189,0.0029296875
11110101010001110011,16.32703148753074,0.00107421875
11110101010101011011,13.196211508212293,0.0005859375
01111001111001001110,13.411516345155537,0.00087890625
11111100011010001101,15.63812757139942,0.0001953125
01110101110001011011,20.025215574238246,9.765625e-05
11110101111001110011,15.925308030210758,0.002734375
11111000111110110000,12.741288679162725,9.765625e-05
01111100111100100111,7.60078774097095,0.00068359375
01111100110010011001,11.876370590452314,0.00166015625
11111001110111001100,16.01076604390351,9.765625e-05
11111100011100100111,10.234237709351945,9.765625e-05
01110001110111100100,17.832273469855224,0.0001953125
11110001011011011000,15.427874727226264,0.0013671875
11110100011110100101,11.885181534428268,0.00087890625
01111100011110001101,10.486287828889393,0.002734375
11110100011100100111,10.310728071505402,0.00107421875
11110100111100000101,5.803353753773596,9.765625e-05
11110000011010011000,13.032205956626333,0.00087890625
11110100111010110001,11.646551473124973,0.00341796875
11110100111100110011,7.362157679667652,0.0017578125
11110000010100001110,12.764119747219207,0.0005859375
11111100111110011001,8.252382429914178,9.765625e-05
01111101011011100101,15.194304114478609,0.00244140625
01111100111100011011,7.4069677149548365,0.00107421875
01111101111111110001,12.483453909083433,0.001171875
11110001111111001100,13.397915988802138,0.00244140625
11110101110101110011,10.77257236486884,0.00205078125
01111000010000011010,14.424583154173341,0.001953125
01111100010100010001,7.477933373677033,9.765625e-05
11110101010111011001,14.29149745479489,0.00068359375
01111000011000001110,12.341441276757012,0.00302734375
01111101010011110001,16.32703148753074,0.00205078125
01111001010111001100,16.010766043903516,0.002734375
01110001010111011000,17.191997184468008,9.765625e-05
01111000111110011000,16.008363417668065,0.00048828125
11110101110011001101,16.583317631104794,0.00244140625
01111100110110011001,9.768490251245822,0.0009765625
11111001111001001110,12.922061355362146,0.0001953125
11110101110101011011,10.889786480661606,0.00302734375
01111000011110001100,14.941586898336878,0.0021484375
01111101110101110011,11.198118901945971,0.00068359375
01110101111111110001,22.54736236179969,0.0001953125
01111000110110011000,16.43295625787836,0.00107421875
01111101010111110001,12.885177366403411,0.0037109375
11110001010011110000,14.57689720114189,0.0005859375
01111000110110000110,12.567408750943441,9.765625e-05
11110000111000011010,10.60761311641604,0.00244140625
11110101111101001111,12.884050347431737,0.00205078125
01111001011001110010,12.34299180216668,0.0025390625
11110001111101100110,11.298008444774654,0.00234375
01111100010100110011,6.791487665392727,0.0025390625
11110000010000010000,9.34089253621217,9.765625e-05
11110101010011100101,18.03499416710987,0.00126953125
11110001111011011000,15.121449699675576,0.0029296875
01111001010011101110,16.414316951698574,9.765625e-05
01111001010011110000,15.423265612968073,0.0017578125
11110001010111001100,13.106051990486105,0.00126953125
11110001011001011010,13.91176690589462,0.0009765625
01110000010000001110,13.192418802841383,0.0001953125
11110101110101100111,11.191429071849265,0.0025390625
11110100110010000111,12.005138482729123,9.765625e-05
01111101011011011001,16.81553278045729,0.00244140625
11110001110111100100,11.342818480061839,0.0029296875
11111000110000100110,12.215416216988288,9.765625e-05
11110001110011110000,13.066352190935277,0.00283203125
01111101111101001111,12.947120651351044,0.0009765625
01111100010010010011,8.450872141373171,9.765625e-05
11110001011011001100,13.773038881446524,0.001171875
11110100111000010001,5.677328694004874,9.765625e-05
11110101110111000111,13.068031296518738,9.765625e-05
11110001010101100110,11.699731902094632,0.0009765625
11110001111011110000,15.198055609898923,0.0025390625
01110101111001001111,23.552893834105305,9.765625e-05
11110100110110011001,7.465836189156378,0.0021484375
11110000011100110010,12.741288679162725,0.0009765625
01110101111111011001,22.27693642556023,0.0001953125
01111000110000011010,13.51609813529469,0.00107421875
11110000110100110010,10.315742142085593,0.0025390625
01111000111110100100,14.05136214809035,0.0013671875
01111001010011100100,13.768429767188334,0.00244140625
11111000110010110000,13.02759684236814,9.765625e-05
01111000011110111010,16.118128981384586,9.765625e-05
01111101011001001111,16.034994167109865,0.003125
11111001010001001110,20.073901097872188,0.0001953125
01111101010101100111,12.331640601788934,0.0025390625
01111000111100111000,16.012539339451312,0.0001953125
10000000101110001001,45.16706685045702,9.765625e-05
11110100110100110011,5.651276135453056,0.00205078125
11110100010100100111,9.997786535962844,0.00068359375
01111100011000101101,12.98369594752062,9.765625e-05
11110100010100001111,10.30882067777172,0.00078125
11110001011011100100,13.655824765653758,0.00078125
01111100111010001101,13.821157533642122,0.00107421875
01111000111000100110,10.790810893591297,0.00107421875
11110000111100001110,12.033101879458226,0.00302734375
11110100011100110011,8.076822672530188,0.0009765625
11110100110100100111,7.885181534428268,0.00244140625
11110100111010011001,11.569945562901626,0.00234375
11110000010010110000,12.181228430541958,0.0005859375
01111100110110100101,9.885181534428268,0.0009765625
01111001111101100110,11.302733107102739,0.001171875
11110000111110011000,14.126531230327672,0.00224609375
01110001111101110010,20.373653682116746,9.765625e-05
11110100110110100101,9.640873113930049,0.00224609375
11110101110001110011,14.214426485996164,0.0017578125
01111001110001110010,13.73620714851063,0.00107421875
01111101010011100101,16.881362578936052,0.00341796875
11111000011000001110,15.851986286963623,9.765625e-05
01111001011111001100,14.188233195021182,0.001953125
01111000010100001110,15.850071917215526,0.002734375
11110101010111001101,14.710354161775314,0.0021484375
11110101010011001101,18.28768266732752,0.0017578125
01011000010100010000,11.698948719343074,9.765625e-05
11110100111100011011,7.343897411035528,0.00224609375
11110001010101110010,13.490042132299262,0.00126953125
11110101111011100101,18.6561525758669,0.00234375
01110100111100001111,16.66931779113209,0.00029296875
11111101011001110011,16.563482660919846,9.765625e-05
01111100011100011011,6.91751272516145,0.0025390625
01111000110100110010,12.741288679162725,0.00068359375
11111100111000011011,9.02539306436794,9.765625e-05
11110100010100011011,8.07491527879651,0.001171875
01111100010000110011,8.899368004599218,0.00234375
01111000010000001110,14.58479600038839,0.0021484375
11110100111000101101,11.86828065340605,0.0001953125
01110101011111110001,18.659967363334264,9.765625e-05
11110001010111100100,12.853363490268451,0.00078125
11111100111100001111,9.15141812413666,9.765625e-05
01110001010011011000,17.12522066513682,9.765625e-05
01110000110000011010,14.725780929075643,0.00029296875
01111100010110100101,9.997786535962844,0.002734375
01111101010111111011,15.531064550913648,9.765625e-05
11110101011111110001,14.77257236486884,0.00087890625
11110101111001100111,16.479639121616074,0.002734375
11110001011011010010,15.537588758501183,9.765625e-05
11110000011010001100,13.192418802841384,0.00185546875
01110001010101011010,15.494651246557453,9.765625e-05
11111100110010110001,9.87176147619412,9.765625e-05
01110101110101011011,16.583361453110918,9.765625e-05
01111000010000100110,12.215416216988288,0.003125
11111001011101110010,15.726493305688368,9.765625e-05
11110100010110001101,11.404106624354318,0.001171875
01111100011100111001,8.506435824914025,9.765625e-05
01111000011110110000,12.741288679162729,0.00205078125
01111100010000011011,11.26874778799932,0.00205078125
01111101011001100111,13.801088768134655,0.00205078125
01111100110100010001,5.523690864237708,9.765625e-05
01111001110011001100,15.773038881446524,0.0013671875
11111100111100011011,6.9175127251614486,0.0001953125
01111000110010000110,11.302132834116303,9.765625e-05
01110001110101011010,17.188226219006765,0.0001953125
11110100011100101101,10.181228430541958,9.765625e-05
01110000111110001100,21.844844664567145,0.0001953125
01111101011101100111,10.223760262582447,0.0017578125
11110101111101110011,12.483453909083433,0.00263671875
01111100111000100111,9.844142464602331,0.00107421875
11110000011100001110,12.941586898336876,0.00078125
01111100010010001101,14.552175401403105,0.0025390625
01111000111000011010,12.670683420335347,0.00078125
01111101011111011001,13.373678659329961,0.00283203125
01111100110000001111,12.729642552520772,0.001171875
01111000111110110000,14.026623686300189,0.0009765625
11110100110110001101,9.699741588131591,0.00341796875
01110001111101100110,18.583343451912118,0.0001953125
01110001110011000110,15.669699462005255,9.765625e-05
11110101010101001111,13.615068215192721,0.00087890625
01111101110001110011,14.639973023073296,0.0009765625
11110001100011000111,16.984896395116813,9.765625e-05
01111000011010110000,11.3405383779107,0.003125
01111000110110110000,14.315742142085593,0.00068359375
01110000110100110010,16.203137140551018,0.00029296875
11111001011101100110,13.936183075483736,9.765625e-05
11110101010101110011,12.885177366403415,0.00087890625
11011100110010011001,9.677328694004874,9.765625e-05
01111001011101001110,12.853363490268451,0.002734375
11110100110010011001,9.57371652836287,0.00341796875
11110100111100001111,9.577802810010741,0.0021484375
01110000110100011010,16.12653123032767,9.765625e-05
01111100010010011001,12.182795618003002,0.003125
11110001111111111010,20.0022342948617,0.00029296875
01110000111110110000,22.090532139016442,0.0001953125
11110001010111110000,14.643673720473078,0.0013671875
11110001111111011000,15.188226219006765,0.00322265625
01111000010010001100,15.498843830392072,0.0029296875
01110001110111110000,19.622583700059856,9.765625e-05
11110001111101001110,11.279748176142531,0.003125
01111101010101000101,13.018086310073244,9.765625e-05
11110001110101001110,9.704341016352824,0.002734375
01111101111011110001,15.925308030210758,0.00078125
01110100011100100111,13.596063078642864,9.765625e-05
11110100011000011011,10.36026276912067,0.0015625
11110101010111101111,17.418357218916952,9.765625e-05
11111101110001100111,15.908969107341147,9.765625e-05
01110101111001110011,23.21064303734822,9.765625e-05
01111001010101010000,15.204094368988663,0.00029296875
01111100010000101101,14.980885654940629,0.0001953125
11111100010110001101,16.615245705322412,0.0001953125
11110001111011001100,13.466613853895836,0.0033203125
01111100111010011001,11.45177775024202,0.00068359375
11110001110111101110,15.349267527981809,0.000390625
11110101111111100101,15.07882407031469,0.00224609375
11110001010001011010,13.73429975477695,0.00126953125
01111001010111110000,15.490042132299262,0.0021484375
01111000010010011000,15.338630984177023,0.002734375
11110000111100110010,12.026623686300189,0.0025390625
11110101111101111001,12.512316760215239,9.765625e-05
01110100111110110001,17.426066132383905,0.0001953125
01111101011101110011,9.80490355560202,0.00205078125
01111101110001011011,16.81553278045729,0.00087890625
11110101010011011001,17.733351575922214,0.00068359375
01111100111100001111,9.64087311393005,0.00126953125
11110000110010001100,10.88976474075194,0.00322265625
11110101010101100111,13.30403407338384,0.0009765625
01111100001010011000,16.391935912832466,9.765625e-05
01111000010010100100,13.187809688583192,0.0021484375
01111100110100100111,8.310728071505402,0.001953125
11110100110010001101,11.943096311762975,0.00205078125
11110101111011110001,18.10182148446159,0.00185546875
01110100111000001111,18.91267251476347,9.765625e-05
01111101010001101101,19.62110697428246,9.765625e-05
11111000011010011000,16.424583154173337,9.765625e-05
11111100011000001111,14.905317857974655,9.765625e-05
11110000101110001101,17.03084032742308,9.765625e-05
11111101111101001111,12.457665661557655,9.765625e-05
01111100011100101101,10.740341223889237,9.765625e-05
11110101111001011011,15.907047761578639,0.0017578125
01111000010000000100,12.901861925272595,9.765625e-05
01111000011100001110,13.606717193584148,0.0015625
01111100111010100101,11.839417802274244,0.0009765625
01111000010110001100,16.76411974721921,0.00244140625
01111100010100001111,11.394772847768042,0.00185546875
11110001010001110010,13.42326561296807,0.00087890625
01111100011000011011,9.02539306436794,0.00244140625
01111100110110001101,12.002395650221036,0.00087890625
11111100010010001101,18.858600428953793,9.765625e-05
01111000111010010010,10.60663651590448,0.00029296875
01111001111011010010,13.002305286504411,9.765625e-05
01111001011111110000,13.802983667841822,0.00322265625
11111100010000011011,16.17723280687797,9.765625e-05
11111101010111110001,16.997782367937987,9.765625e-05
01111101110011110001,16.214426485996164,0.00126953125
11110001110001001110,9.773038881446524,0.00283203125
01111100011000010001,6.611505871540526,9.765625e-05
11110101011001110011,16.639973023073296,0.0009765625
11111100011010100101,13.26874778799932,9.765625e-05
11110001110101011010,11.494651246557453,0.00244140625
01111100111000011011,9.514848054161329,0.00087890625
01111000011010011000,13.51609813529469,0.0025390625
11111001011101011010,18.15421873067969,9.765625e-05
11110001011011110000,15.310660611433498,0.00107421875
01111101010011111011,18.972918672040976,0.0001953125
11110001111101011010,13.07005840634716,0.00263671875
01111101111001100111,14.484363783944154,0.001171875
11111100011000110011,10.108212649583226,9.765625e-05
01111001111101001110,13.34281848006184,0.0009765625
11110000010110111010,16.54267028915328,9.765625e-05
11110001110101100110,9.58712690056006,0.00224609375
01110100111000100111,19.124752809411707,0.00029296875
01110100111100110011,14.647492686805114,9.765625e-05
01110100010010001101,15.943096311762972,9.765625e-05
01111100111110101111,14.018660871425396,9.765625e-05
11111001010111001100,20.317191071454204,9.765625e-05
01110100011010001101,17.93932534630173,9.765625e-05
01111100010010100101,12.241141259594222,0.00224609375
11010101110101110011,16.84723799740957,9.765625e-05
11110101010001101101,16.641172306186125,9.765625e-05
11110101110111111011,16.534712992290586,0.0001953125
11110100010000100111,12.241141259594226,0.0009765625
11110000110010110000,10.670683420335347,0.0033203125
01111101110001101101,19.06480447351517,0.0001953125
11111000110010011000,15.33863098417702,9.765625e-05
11110001111001001110,11.34844604123623,0.00244140625
01110100110010110001,16.004303043954714,0.00029296875
11110000010110011000,13.834667232011642,0.00126953125
11110001011001100110,12.08137130273089,0.00126953125
01111001010101001110,15.09671821389983,0.0025390625
11110100111000011011,9.45177775024202,0.00205078125
01111000110000100110,11.50075122412575,0.0013671875
11110101011101100111,13.616975608926397,0.00166015625
01111000111010100100,12.786086231263212,0.001171875
01111100011000100111,9.160867448792832,0.00234375
11110000011010101110,16.76684936211953,0.0001953125
11110001110011001100,11.47038481935708,0.001953125
11110000110010100100,10.830896266550397,0.0025390625
11110101011011110001,18.214426485996164,0.0009765625
01111100010010111011,12.51764866070436,0.00029296875
01111000011100110010,11.348073332818775,0.00224609375
01110100010110011001,11.465836189156377,0.0001953125
11110001010011100100,12.92206135536215,0.00126953125
01111100010110001101,12.308820677771726,0.0029296875
01111001011001100110,10.688155956386936,0.00205078125
11110001110011011000,13.125220665136819,0.00244140625
11111001011001100110,14.004880940577436,0.00029296875
01111000010110100100,14.453085605410328,0.00302734375
01111100111000110011,7.474762681202228,0.00166015625
01110000110110011000,18.42593715956619,0.0001953125
11110101010011111011,20.441354633063845,9.765625e-05
11110101110001001111,14.885971693194243,0.00234375
01111000011100011010,13.581978731793987,0.003515625
11111000110000001110,14.58479600038839,9.765625e-05
01111001011011010010,12.069152797478312,9.765625e-05
11110101111001001111,16.461378852983955,0.0025390625
01110101110011001101,22.878952594882076,9.765625e-05
01111100110010100101,12.12853625805965,0.00087890625
11110000110100100110,10.340480603875754,0.00283203125
11110101111111110001,14.659967363334264,0.00244140625
11110100110110111011,11.413416762874805,0.00029296875
11111000110100011010,15.825333455425366,9.765625e-05
01111001011001010000,12.163010008314476,0.0001953125
11110000111000110010,10.625873385048163,0.00263671875
11110101110011110001,15.970118065497942,0.00283203125
01111101010111001101,15.615068215192721,0.00263671875
11111000010010100100,17.300414690117766,9.765625e-05
01111101111011000111,14.460402252472388,9.765625e-05
11110001110101110010,11.377437130764687,0.003125
11110101110001010001,11.288144663263402,9.765625e-05
01110001111001001110,18.43996102235758,0.0001953125
11110000011000011010,11.516098135294689,0.00126953125
11110000110110001100,12.155040657579075,0.003515625
01111100110100011011,8.252382429914178,0.0013671875
11110100010000110011,9.871761476194123,0.00087890625
01110000111000000100,11.03913439695462,9.765625e-05
01111100111110100101,9.596063078642864,0.00078125
01111000010110110000,14.428347143620169,0.00302734375
01111101110111110001,12.77257236486884,0.00126953125
11110000100000110011,12.73154994625445,9.765625e-05
01111000010010110000,13.02759684236814,0.0015625
11110001010011000110,13.395154518641203,9.765625e-05
01111100011100001111,9.151418124136665,0.002734375
01111000111110001100,16.033101879458226,0.0013671875
11110100111010001101,13.939325346301729,0.00244140625
11110100011000001111,12.729642552520772,0.00107421875
11111101011111001101,16.70102038518904,0.0001953125
01111001111111011000,17.070058406347158,0.00068359375
01110001010001011010,15.427874727226264,9.765625e-05
01111100011110110001,6.076822672530191,0.00224609375
01110100010100001111,12.002395650221036,9.765625e-05
11111101011101011011,15.549353964783844,0.0001953125
01111001010111100100,13.699731902094635,0.00234375
01111100011110100101,8.310728071505403,0.002734375
11110101111111001101,15.002218160091344,0.003125
01111000111010011000,14.60761311641604,0.00078125
11110101011111100101,15.191429071849264,0.00087890625
01111101011001110011,13.246757676729345,0.0025390625
01110100111110011001,17.155640196144446,0.000390625
01111001011111011000,15.978543425225812,0.00166015625
11110000111010110000,12.802386839298993,0.002734375
11111100010010011001,16.48922064555369,9.765625e-05
01111000100010100101,17.04258408806333,9.765625e-05
01111000110110100100,14.340480603875754,0.001171875
01111001011001111000,16.165820300894467,9.765625e-05
01111100111010110001,9.470038018874142,0.00126953125
01111101011011001101,17.369863871862602,0.001953125
11110000111110100100,14.227875602341179,0.001953125
11110001011001111000,13.606707507547187,9.765625e-05
11110100011010011001,11.876370590452314,0.00126953125
11110101011001001111,17.369863871862606,0.0001953125
01111001110001011010,15.91176690589462,0.00126953125
01111101011101001111,12.457665661557657,0.0025390625
11110000110110111010,16.07788276950734,0.00029296875
11110101111101100111,12.90231061606386,0.00224609375
01111000110110001100,16.45769471966852,0.00205078125
11110101011101001111,13.792535366310387,0.00166015625
11110000111100010000,8.23391436143092,9.765625e-05
01110000010000110010,12.914991840833567,9.765625e-05
11111001011101001110,16.363908500475066,0.0001953125
01110101110101001111,17.002218160091346,0.0001953125
11110100010110010011,9.390605888440504,9.765625e-05
11111100111110110001,6.076822672530187,9.765625e-05
01111001111111100100,13.298008444774654,0.0009765625
01111001011011100100,12.081371302730894,0.00283203125
01111100111000101101,13.825333455425369,9.765625e-05
11111100010100110011,11.506152658255264,0.0001953125
11110100010100010001,6.077176830831657,9.765625e-05
01110000110100100110,16.22787560234118,0.00029296875
01111001010001011010,16.82025192477327,0.00302734375
11110001110011100100,11.411516345155537,0.00263671875
11110101011101110011,13.198118901945971,0.00185546875
11110000110110100100,12.096172183377533,0.00205078125
01111000110100100110,12.766027140952886,0.00087890625
01111101010111100101,13.30403407338384,0.0017578125
01111101010011001101,19.192396720744934,0.001953125
01110000011010001100,16.885993775290697,9.765625e-05
11110000110110011000,12.130302195788916,0.00224609375
11110100010100110011,7.763881136987631,0.00068359375
01111001111101011010,15.133128710266469,0.0009765625
11110100010000011011,10.182795618003002,0.00224609375
01111000111100001110,14.096172183377535,0.00048828125
01111100011100110011,4.683607326186237,0.00205078125
01111101000011001100,27.792768654873555,9.765625e-05
11110100111110110001,9.53867113391848,0.003125
01111100110010001101,14.245750373852417,0.00107421875
01111001111101000100,9.88317379667375,9.765625e-05
01110001010111110000,17.13312871026647,9.765625e-05
01111001011111100100,12.012673437637194,0.00302734375
11110000011100011010,12.916848436546715,0.00126953125
01111101011101011011,12.038808954577231,0.00234375
11110000011000110010,11.3405383779107,0.001171875
00101101100101011111,19.314418359286982,9.765625e-05
11111001010001011010,21.728736943651924,9.765625e-05
11111101010011110001,20.439636489065315,0.0001953125
01111101110101100111,11.616975608926397,0.001171875
11110001010101001110,12.010766043903512,0.0009765625
01111101011001011011,15.480663075704555,0.00263671875
01110001011111100100,17.474521899025483,9.765625e-05
01110001111001011010,20.09479686813732,0.0001953125
11110001011101110010,13.80298366784182,0.001171875
11110000011110110000,14.315742142085593,0.001171875
11110101011111011001,14.889786480661606,0.00146484375
01111100110000110011,8.18470301173668,0.00107421875
11110000010110010010,14.055071895073041,9.765625e-05
01111100110010110001,9.759156474659548,0.00146484375
01111101110111011001,14.889786480661606,0.00146484375
11110000111100100110,12.05136214809035,0.001953125
11111100010100011011,14.069352467671475,9.765625e-05
01111000110010100100,13.075204687048616,0.001171875
11110001110111000110,11.46372912522953,9.765625e-05
01111001011011110000,13.736207148510632,0.00244140625
11111000011010100100,14.215416216988288,9.765625e-05
11111000010100100110,18.195357126677962,0.0001953125
11110000110100001110,10.45769471966852,0.00263671875
01111000111010110000,12.625873385048163,0.0015625
11111001010111011000,22.10750130165883,0.0001953125
11110000110010011000,10.72955189453689,0.0021484375
11110100111000110011,9.470038018874142,0.003125
01110001111101001110,18.37126315726388,0.000390625
11111001011011001100,17.165416078993527,0.0001953125
01111100011100100111,6.91751272516145,0.00234375
01110101110111100101,19.43657564114443,0.0001953125
11110100000100001110,14.869241326287309,9.765625e-05
11110000111000100110,10.786086231263212,0.001953125
01110101111011001101,26.27312163809287,9.765625e-05
11110101111111000111,14.953569699271013,0.00029296875
01110000110110110000,18.56088871138076,9.765625e-05
11110001110111110000,13.133128710266467,0.00234375
01111100010000111001,12.611505871540526,9.765625e-05
11111101010011011001,22.94449065689031,0.00029296875
01111100110100110011,6.076822672530189,0.00048828125
11110001010101011010,13.801076274108143,0.0015625
11110000110000000100,6.148922864315857,9.765625e-05
11110001010001001110,12.07946390899721,0.00068359375
11111001010001100110,17.51070128845597,0.0001953125
01111001111111001100,15.279748176142531,0.001171875
01111101111101110011,10.48817857141152,0.00087890625
01111100010100100111,9.02539306436794,0.00244140625
01111100111100010001,3.9473230315667474,9.765625e-05
11110100100100001110,12.562816298736621,9.765625e-05
01111101110011100101,16.768757577401477,0.00087890625
11110101011001011011,16.81553278045729,0.0009765625
11111001010101011010,21.79551346298311,0.0001953125
01111001011101100110,10.61945809129324,0.001953125
11110100011110010011,9.878204282520741,9.765625e-05
01111001110011110000,15.310660611433498,0.00068359375
01110101110011011001,22.324621503476763,9.765625e-05
11110000111010011000,12.725780929075645,0.0013671875
11110001010001010000,11.7365613068121,9.765625e-05
01111001011101101100,14.442286590021027,9.765625e-05
01110001111111110000,23.15222712769554,9.765625e-05
11111001010101100110,17.44200342336227,0.00029296875
01110100110100011011,11.462065223695134,0.0001953125
11110001010111011000,14.896362220690735,0.00068359375
01110001010011001100,15.470384819357076,9.765625e-05
11110001011111001100,13.704341016352826,0.00126953125
01111100010000100111,11.26874778799932,0.00234375
11110001111111101110,18.211924064657072,9.765625e-05
11110101110111101111,16.953569699271014,0.0001953125
01111000010100110010,13.455953672025263,0.00263671875
01111001110011100100,13.655824765653758,0.00068359375
11111001010111110000,19.602647133833834,0.0001953125
01110001010001110010,15.310660611433496,9.765625e-05
11110100011100010001,5.523690864237708,0.0001953125
11110000010100011010,12.739381285429046,0.00107421875
01111000110100001110,14.941586898336876,0.0015625
01111101111101100111,10.907035278391946,0.00048828125
01110101111101001111,19.97556532855309,0.0001953125
01111101110011001101,18.885971693194247,0.00107421875
11110100011010001101,14.245750373852417,0.00087890625
01111000111000110010,10.630598047376248,0.00107421875
01111101110111001101,15.308643187642033,0.00087890625
01111001011101011010,14.643673720473082,0.00185546875
11111001011011110000,16.450872141373168,0.00029296875
11110000011000001110,11.67631098150974,0.0013671875
01111100011010001101,12.729642552520772,0.0029296875
11110000010010011000,12.433916930759613,0.00029296875
01111101110101001111,13.792535366310387,0.00126953125
01110100010100110011,9.651276135453056,0.0001953125
11110101011001100111,17.194304114478612,0.0009765625
01110000111100100110,19.33669715522781,0.0001953125
11110101011101011011,13.373678659329961,0.00107421875
11111000010010011000,19.64505601172771,9.765625e-05
11110000110000100110,9.075204687048616,0.00244140625
11110000010110100100,13.606717193584146,0.00078125
11111001011111011000,18.887028444104455,9.765625e-05
01110100111010001101,21.63290031875104,9.765625e-05
01111001010001100110,12.796036295593428,0.00283203125
11110101110111110001,12.528263944370618,0.003515625
01110000110000110010,14.802386839298991,0.00029296875
11111100010000110011,13.614032997461756,9.765625e-05
11111101110101110011,11.91278389480851,9.765625e-05
01111000010100101100,17.19283000075673,0.0001953125
11110001011111100100,13.58712690056006,0.001171875
11111100011100001111,12.661963134343274,0.0001953125
01111001110101110010,13.80298366784182,0.00068359375
11110001011101011010,13.978543425225809,0.00087890625
01111000010100010000,14.14239938030957,0.000390625
11110101011011011001,18.331640601788934,0.00107421875
11110000011010100100,13.075204687048616,0.00068359375
01110000111100001110,19.124616860579575,0.00029296875
01111100011010111011,11.561543313958541,0.0001953125
01111000010100000100,14.16713784209973,9.765625e-05
11111001110111110000,15.49004213229926,9.765625e-05
11110000011100000100,10.212895332660406,9.765625e-05
01111100010110011001,10.07491527879651,0.00380859375
01110100110010011001,15.869351492140144,9.765625e-05
11110101010001100111,16.881362578936045,0.00107421875
11111100110000100111,11.26874778799932,9.765625e-05
11110101110101010001,7.846290542136078,9.765625e-05
01111001111001011010,15.066352190935278,0.0013671875
01111000010000110010,12.055203370773238,0.00263671875
01111000010110101110,17.098972789920566,0.0001953125
01110101110101100111,17.07882407031469,9.765625e-05
01110101010001110011,18.214426485996164,0.0001953125
01111100111110110001,7.362157679667652,0.0009765625
01111001111001100110,11.371430972196439,0.0009765625
01111000111100011010,14.071433721587374,0.0005859375
01111101110111100101,13.191429071849265,0.0005859375
11110001011101001110,12.18823319502118,0.00126953125
11110100010000001111,12.552175401403105,0.001171875
01111101111101101101,14.888226269214984,9.765625e-05
01110000011100011010,16.008363417668065,9.765625e-05
11110101010011110001,17.480663075704555,0.000390625
11110100010010011001,11.278081564585598,0.001171875
01111101111001001111,16.524449156903252,0.00126953125
01111001110101100110,12.012673437637192,0.00078125
11110000010100110010,12.428347143620167,0.00087890625
01110001110011011000,19.420855628914094,9.765625e-05
01110000110010101110,24.372557794824427,9.765625e-05
01111100011110101111,11.687568373727263,9.765625e-05
11110100111110001101,11.695970622670348,0.00322265625
01111100111010111011,13.892635811656675,0.0001953125
01111100000100001110,15.955193496283627,9.765625e-05
11110100010110100101,11.15141812413666,0.00068359375
01110101110001111001,22.17835619590217,9.765625e-05
11110101110101101101,11.109601291194592,0.0001953125
01110001010101100110,13.587126900560058,9.765625e-05
01110101110101110011,16.659967363334264,9.765625e-05
11111100010000001111,18.546612590278077,9.765625e-05
01110001110101100110,15.474521899025483,0.0001953125
11111100010010100101,16.353746261128798,0.000390625
11111101011101110011,13.121628539792518,0.0001953125
01110000110010110000,17.160138410128734,0.0001953125
11110101011011100101,18.768757577401477,0.00078125
01111101111011001101,18.46137885298395,0.00078125
11111000011110011000,17.825333455425362,0.000390625
11111101010101001111,19.60950540406769,9.765625e-05
01111101111111011001,14.46519364045131,0.00126953125
01111101011011010011,12.972918672040983,9.765625e-05
11110001010001101100,11.528239494438406,0.00029296875
01111000110010011000,15.032205956626333,0.00205078125
11111101011111100101,14.331640601788934,0.0001953125
11110000110000001110,9.192418802841383,0.00283203125
11110101011111001101,15.308643187642033,0.00146484375
01110101111101111001,21.956014259447954,9.765625e-05
11111001110111111010,16.135929316809502,9.765625e-05
01110001011001110010,17.021542155648092,0.0001953125
11110100111000100111,11.839417802274244,0.00263671875
11110001110111010010,13.25403935543416,0.0001953125
11110001111011101110,18.280621929750772,9.765625e-05
11110001111111010010,15.139577758186437,9.765625e-05
01111000110100011010,14.916848436546715,0.0005859375
01111001010011111010,18.06915279747831,9.765625e-05
11111000011110100100,15.480692133815424,0.0001953125
11111000010110001100,21.070544774769896,0.0001953125
11110100010010110001,11.02539306436794,0.0009765625
01111001110011101110,17.347469440724673,9.765625e-05
11110001110001100110,9.655824765653758,0.00263671875
11110001011111011000,15.494651246557455,0.00087890625
01111000011100010000,11.168091538966571,9.765625e-05
01111000111100100110,12.056086810418435,0.0009765625
11111101111111011001,13.373678659329958,9.765625e-05
01111100110100001111,10.486287828889392,0.00087890625
01110001011011100100,17.543219764119183,9.765625e-05
11110101110011010011,16.09102871066564,0.00029296875
11110101110001000101,11.842475754668715,0.00029296875
01111000110000101100,15.371251583162307,9.765625e-05
01110100111110100101,19.65997153135912,0.0001953125
11110000111000111010,12.802386839298991,9.765625e-05
11110001110111001100,11.401686954263381,0.002734375
11110001010001100110,11.76842976718833,0.0009765625
11110000011000100110,11.50075122412575,0.0013671875
01111001110111001100,15.704341016352826,0.00087890625
01110000111010110000,20.689781837764418,9.765625e-05
11111000011100001110,17.11726220379076,0.0001953125
01111101110101011011,13.373678659329961,0.0009765625
11110100011110011001,9.768490251245822,0.00048828125
01111101010111011001,15.196211508212293,0.00166015625
01111001010101000100,13.413784138784038,9.765625e-05
01110100110010001101,18.238731275540246,9.765625e-05
01110100110110001101,15.995376551908866,9.765625e-05
11110000010000110010,11.02759684236814,0.00078125
11110101111101010001,8.690744584214166,9.765625e-05
01111000000110001101,19.643690382524454,9.765625e-05
11110100110000001111,10.245750373852417,0.00244140625
11111101010111011001,19.50263653576298,9.765625e-05
01110100010110001101,13.699741588131591,9.765625e-05
01111100010100000101,9.711838772652246,0.000390625
01110101010011100101,20.524449156903255,9.765625e-05
01110101111001100111,23.764974128753536,0.0001953125
01111101111001110011,13.930032692538846,0.0015625
11111000010010001100,19.80526885794276,0.0001953125
01110101110111110001,19.017718934164005,0.00029296875
11110001111001010000,9.228832830778824,9.765625e-05
11110101111011010011,17.976567113417914,0.00029296875
01110100111110001101,19.389545595119657,0.0001953125
11111101011001011011,18.99120808591117,0.0001953125
01111000111010001100,14.76782596263109,0.0013671875
11111100011010011001,13.268747787999317,0.00029296875
11111101110001001111,18.278348890741253,9.765625e-05
01110000111110011000,21.820106202776984,9.765625e-05
11110100011000110011,10.18470301173668,0.00087890625
11111101010001100111,20.623634100203688,0.0001953125
01110101111011011001,25.718790546687558,9.765625e-05
01110101111101011011,19.55670862157266,9.765625e-05
01110000110110001100,18.45067562135635,0.0001953125
